The India Story,Bimal Jalal,u
Listen to Your Heart,Ruskin Bond,u
Business of Sports,Vinit Karnik,u
A Place Called Home,Preeti Shenoy,u
The Struggle for Police Reforms in India,Prakash Singh,u
INDO PAK WAR 1971,Rajnath Singh,u
Leaders Politicians Citizens,Rasheed Kidwai,u
Birsa Munda,Alok Chakrawal,u
Lal Salam,Smriti Irani,r
Pride Prejudice and Punditry,Shashi Tharoor,u
Queen of Fire,Devika Rangachari,u
Birsa Munda Janjatiya Nayak,Dharmendra Pradhan,u
Decoding Indian Babudom,Ashwini Shrivastava,u
The Maverick Effect,Harish Mehta,u
Tiger of Drass,Meena Nayyar,u
Hear Yourself,Prem Rawat,r
Not Just A Nightwatchman,Former CAG Vinod Rai,u
The Boy Who Wrote a Constitution,Rajesh Talwar,u
The India Story,Bimal Jalal,u
Listen to Your Heart,Ruskin Bond,u
Business of Sports,Vinit Karnik,u
A Place Called Home,Preeti Shenoy,u
The Struggle for Police Reforms in India,Prakash Singh,u
INDO PAK WAR 1971,Rajnath Singh,u
Leaders Politicians Citizens,Rasheed Kidwai,u
Birsa Munda,Alok Chakrawal,u
Lal Salam,Smriti Irani,r
Pride Prejudice and Punditry,Shashi Tharoor,u
Queen of Fire,Devika Rangachari,r
Birsa Munda Janjatiya Nayak,Dharmendra Pradhan,u
Decoding Indian Babudom,Ashwini Shrivastava,u
The Maverick Effect,Harish Mehta,u
Tiger of Drass,Meena Nayyar,u
Hear Yourself,Prem Rawat,r
Not Just A Nightwatchman,Former CAG Vinod Rai,u
The Boy Who Wrote a Constitution,Rajesh Talwar,u
